"","rank","athlete","age","team","noc","t","year","gender","event","distance","round"
"1","1","Daichi Suzuki","21","Japan","JPN","55.05",1988,"mens","backstroke",100,"final"
"2","2","Dave Berkoff","21","United States","USA","55.18",1988,"mens","backstroke",100,"final"
"3","3","Igor Polyansky","21","Soviet Union","URS","55.20",1988,"mens","backstroke",100,"final"
"4","4","Sergey Zabolotnov","25","Soviet Union","URS","55.37",1988,"mens","backstroke",100,"final"
"5","5","Mark Tewksbury","20","Canada","CAN","56.09",1988,"mens","backstroke",100,"final"
"6","6","Frank Baltrusch","24","East Germany","GDR","56.10",1988,"mens","backstroke",100,"final"
"7","7","Frank Hoffmeister","22","West Germany","FRG","56.19",1988,"mens","backstroke",100,"final"
"8","8","Sean Murphy","24","Canada","CAN","56.32",1988,"mens","backstroke",100,"final"
"9","1","Mark Tewksbury","24","Canada","CAN","53.98",1992,"mens","backstroke",100,"final"
"10","2","Jeff Rouse","21","United States","USA","54.04",1992,"mens","backstroke",100,"final"
"11","3","Dave Berkoff","25","United States","USA","54.78",1992,"mens","backstroke",100,"final"
"12","4","Martín López-Zubero","23","Spain","ESP","54.96",1992,"mens","backstroke",100,"final"
"13","5","Vladimir Selkov","21","Unified Team","EUN","55.49",1992,"mens","backstroke",100,"final"
"14","6","Franck Schott","22","France","FRA","55.72",1992,"mens","backstroke",100,"final"
"15","7","Rodolfo Falcón","19","Cuba","CUB","55.76",1992,"mens","backstroke",100,"final"
"16","8","Dirk Richter","27","Germany","GER","56.26",1992,"mens","backstroke",100,"final"
"17","1","Jeff Rouse","25","United States","USA","54.10",1996,"mens","backstroke",100,"final"
"18","2","Rodolfo Falcón","23","Cuba","CUB","54.98",1996,"mens","backstroke",100,"final"
"19","3","Neisser Bent","19","Cuba","CUB","55.02",1996,"mens","backstroke",100,"final"
"20","4","Martín López-Zubero","27","Spain","ESP","55.22",1996,"mens","backstroke",100,"final"
"21","5","Tripp Schwenk","25","United States","USA","55.30",1996,"mens","backstroke",100,"final"
"22","6","Emanuele Merisi","23","Italy","ITA","55.53",1996,"mens","backstroke",100,"final"
"23","7","Ralf Braun","23","Germany","GER","55.56",1996,"mens","backstroke",100,"final"
"24","8","Franck Schott","26","France","FRA","55.76",1996,"mens","backstroke",100,"final"
"25","1","Lenny Krayzelburg","24","United States","USA","53.72",2000,"mens","backstroke",100,"final"
"26","2","Matt Welsh","23","Australia","AUS","54.07",2000,"mens","backstroke",100,"final"
"27","3","Stev Theloke","22","Germany","GER","54.82",2000,"mens","backstroke",100,"final"
"28","4","Josh Watson","23","Australia","AUS","55.01",2000,"mens","backstroke",100,"final"
"29","5","Bartosz Kizierowski","23","Poland","POL","55.04",2000,"mens","backstroke",100,"final"
"30","6","Neil Walker","24","United States","USA","55.14",2000,"mens","backstroke",100,"final"
"31","7","Steffen Driesen","18","Germany","GER","55.27",2000,"mens","backstroke",100,"final"
"32","8","Eithan Urbach","23","Israel","ISR","55.74",2000,"mens","backstroke",100,"final"
"33","1","Aaron Peirsol","21","United States","USA","54.06",2004,"mens","backstroke",100,"final"
"34","2","Markus Rogan","22","Austria","AUT","54.35",2004,"mens","backstroke",100,"final"
"35","3","Tomomi Morita","19","Japan","JPN","54.36",2004,"mens","backstroke",100,"final"
"36","4","Lenny Krayzelburg","28","United States","USA","54.38",2004,"mens","backstroke",100,"final"
"37","5","Matt Welsh","27","Australia","AUS","54.52",2004,"mens","backstroke",100,"final"
"38","6","László Cseh, Jr.","18","Hungary","HUN","54.61",2004,"mens","backstroke",100,"final"
"39","7","Steffen Driesen","22","Germany","GER","54.63",2004,"mens","backstroke",100,"final"
"40","8","Marco di Carli","19","Germany","GER","55.27",2004,"mens","backstroke",100,"final"
"41","1","Aaron Peirsol","25","United States","USA","52.54",2008,"mens","backstroke",100,"final"
"42","2","Matt Grevers","23","United States","USA","53.11",2008,"mens","backstroke",100,"final"
"43","3","Arkady Vyachanin","24","Russia","RUS","53.18",2008,"mens","backstroke",100,"final"
"44","3","Hayden Stoeckel","23","Australia","AUS","53.18",2008,"mens","backstroke",100,"final"
"45","5","Ash Delaney","22","Australia","AUS","53.31",2008,"mens","backstroke",100,"final"
"46","6","Liam Tancock","23","Great Britain","GBR","53.39",2008,"mens","backstroke",100,"final"
"47","7","Aschwin Wildeboer","22","Spain","ESP","53.51",2008,"mens","backstroke",100,"final"
"48","8","Junichi Miyashita","24","Japan","JPN","53.99",2008,"mens","backstroke",100,"final"
"49","1","Matt Grevers","27","United States","USA","52.16",2012,"mens","backstroke",100,"final"
"50","2","Nick Thoman","26","United States","USA","52.92",2012,"mens","backstroke",100,"final"
"51","3","Ryosuke Irie","22","Japan","JPN","52.97",2012,"mens","backstroke",100,"final"
"52","4","Camille Lacourt","27","France","FRA","53.08",2012,"mens","backstroke",100,"final"
"53","5","Liam Tancock","27","Great Britain","GBR","53.35",2012,"mens","backstroke",100,"final"
"54","6","Helge Meeuw","27","Germany","GER","53.48",2012,"mens","backstroke",100,"final"
"55","7","Hayden Stoeckel","27","Australia","AUS","53.55",2012,"mens","backstroke",100,"final"
"56","8","Cheng Feiyi","21","China","CHN","53.77",2012,"mens","backstroke",100,"final"
"57","1","Igor Polyansky","21","Soviet Union","URS","1:59.37",1988,"mens","backstroke",200,"final"
"58","2","Frank Baltrusch","24","East Germany","GDR","1:59.60",1988,"mens","backstroke",200,"final"
"59","3","Paul Kingsman","21","New Zealand","NZL","2:00.48",1988,"mens","backstroke",200,"final"
"60","4","Sergey Zabolotnov","25","Soviet Union","URS","2:00.52",1988,"mens","backstroke",200,"final"
"61","5","Dirk Richter","24","East Germany","GDR","2:01.67",1988,"mens","backstroke",200,"final"
"62","6","Jens-Peter Berndt","25","West Germany","FRG","2:01.84",1988,"mens","backstroke",200,"final"
"63","7","Dan Veatch","23","United States","USA","2:02.26",1988,"mens","backstroke",200,"final"
"64","8","Rogério Romero","18","Brazil","BRA","2:02.28",1988,"mens","backstroke",200,"final"
"65","1","Martín López-Zubero","23","Spain","ESP","1:58.47",1992,"mens","backstroke",200,"final"
"66","2","Vladimir Selkov","21","Unified Team","EUN","1:58.87",1992,"mens","backstroke",200,"final"
"67","3","Stefano Battistelli","22","Italy","ITA","1:59.40",1992,"mens","backstroke",200,"final"
"68","4","Hajime Itoi","21","Japan","JPN","1:59.52",1992,"mens","backstroke",200,"final"
"69","5","Tripp Schwenk","21","United States","USA","1:59.73",1992,"mens","backstroke",200,"final"
"70","6","Tino Weber","22","Germany","GER","1:59.78",1992,"mens","backstroke",200,"final"
"71","7","Tamás Deutsch","22","Hungary","HUN","2:00.06",1992,"mens","backstroke",200,"final"
"72","8","Stefaan Maene","20","Belgium","BEL","2:00.91",1992,"mens","backstroke",200,"final"
"73","1","Brad Bridgewater","23","United States","USA","1:58.54",1996,"mens","backstroke",200,"final"
"74","2","Tripp Schwenk","25","United States","USA","1:58.99",1996,"mens","backstroke",200,"final"
"75","3","Emanuele Merisi","23","Italy","ITA","1:59.18",1996,"mens","backstroke",200,"final"
"76","4","Bartosz Sikora","20","Poland","POL","2:00.05",1996,"mens","backstroke",200,"final"
"77","5","Hajime Itoi","25","Japan","JPN","2:00.10",1996,"mens","backstroke",200,"final"
"78","6","Martín López-Zubero","27","Spain","ESP","2:00.74",1996,"mens","backstroke",200,"final"
"79","7","Mirko Mazzari","21","Italy","ITA","2:01.27",1996,"mens","backstroke",200,"final"
"80","8","Rodolfo Falcón","23","Cuba","CUB","2:08.14",1996,"mens","backstroke",200,"final"
"81","1","Lenny Krayzelburg","24","United States","USA","1:56.76",2000,"mens","backstroke",200,"final"
"82","2","Aaron Peirsol","17","United States","USA","1:57.35",2000,"mens","backstroke",200,"final"
"83","3","Matt Welsh","23","Australia","AUS","1:57.59",2000,"mens","backstroke",200,"final"
"84","4","Örn Arnarson","19","Iceland","ISL","1:59.00",2000,"mens","backstroke",200,"final"
"85","5","Emanuele Merisi","27","Italy","ITA","1:59.01",2000,"mens","backstroke",200,"final"
"86","6","Răzvan Florea","19","Romania","ROU","1:59.05",2000,"mens","backstroke",200,"final"
"87","7","Rogério Romero","30","Brazil","BRA","1:59.27",2000,"mens","backstroke",200,"final"
"88","8","Gordan Kožulj","23","Croatia","CRO","1:59.38",2000,"mens","backstroke",200,"final"
"89","1","Aaron Peirsol","21","United States","USA","1:54.95",2004,"mens","backstroke",200,"final"
"90","2","Markus Rogan","22","Austria","AUT","1:57.35",2004,"mens","backstroke",200,"final"
"91","3","Răzvan Florea","23","Romania","ROU","1:57.56",2004,"mens","backstroke",200,"final"
"92","4","James Goddard","21","Great Britain","GBR","1:57.76",2004,"mens","backstroke",200,"final"
"93","5","Tomomi Morita","19","Japan","JPN","1:58.40",2004,"mens","backstroke",200,"final"
"94","6","Simon Dufour","25","France","FRA","1:58.49",2004,"mens","backstroke",200,"final"
"95","7","Gregor Tait","25","Great Britain","GBR","1:59.28",2004,"mens","backstroke",200,"final"
"96","8","Blaž Medvešek","24","Slovenia","SLO","2:00.06",2004,"mens","backstroke",200,"final"
"97","1","Ryan Lochte","24","United States","USA","1:53.94",2008,"mens","backstroke",200,"final"
"98","2","Aaron Peirsol","25","United States","USA","1:54.33",2008,"mens","backstroke",200,"final"
"99","3","Arkady Vyachanin","24","Russia","RUS","1:54.93",2008,"mens","backstroke",200,"final"
"100","4","Markus Rogan","26","Austria","AUT","1:55.49",2008,"mens","backstroke",200,"final"
"101","5","Ryosuke Irie","18","Japan","JPN","1:55.72",2008,"mens","backstroke",200,"final"
"102","6","Hayden Stoeckel","23","Australia","AUS","1:56.39",2008,"mens","backstroke",200,"final"
"103","7","Răzvan Florea","27","Romania","ROU","1:56.52",2008,"mens","backstroke",200,"final"
"104","8","Gregor Tait","29","Great Britain","GBR","1:57.00",2008,"mens","backstroke",200,"final"
"105","1","Tyler Clary","23","United States","USA","1:53.41",2012,"mens","backstroke",200,"final"
"106","2","Ryosuke Irie","22","Japan","JPN","1:53.78",2012,"mens","backstroke",200,"final"
"107","3","Ryan Lochte","27","United States","USA","1:53.94",2012,"mens","backstroke",200,"final"
"108","4T","Radosław Kawęcki","20","Poland","POL","1:55.59",2012,"mens","backstroke",200,"final"
"109","4T","Zhang Fenglin","19","China","CHN","1:55.59",2012,"mens","backstroke",200,"final"
"110","6","Kazuki Watanabe","25","Japan","JPN","1:57.03",2012,"mens","backstroke",200,"final"
"111","7","Yakov Toumarkin","20","Israel","ISR","1:57.62",2012,"mens","backstroke",200,"final"
"112","8","Mitch Larkin","19","Australia","AUS","1:58.02",2012,"mens","backstroke",200,"final"
"113","1","Adrian Moorhouse","24","Great Britain","GBR","1:02.04",1988,"mens","breaststroke",100,"final"
"114","2","Károly Güttler","20","Hungary","HUN","1:02.05",1988,"mens","breaststroke",100,"final"
"115","3","Dmitry Volkov","22","Soviet Union","URS","1:02.20",1988,"mens","breaststroke",100,"final"
"116","4","Victor Davis","24","Canada","CAN","1:02.38",1988,"mens","breaststroke",100,"final"
"117","5","Tamás Debnár","17","Hungary","HUN","1:02.50",1988,"mens","breaststroke",100,"final"
"118","6","Rich Schroeder","26","United States","USA","1:02.55",1988,"mens","breaststroke",100,"final"
"119","7","Gianni Minervini","21","Italy","ITA","1:02.93",1988,"mens","breaststroke",100,"final"
"120","8","Christian Poswiat","20","East Germany","GDR","1:03.43",1988,"mens","breaststroke",100,"final"
"121","1","Nelson Diebel","21","United States","USA","1:01.50",1992,"mens","breaststroke",100,"final"
"122","2","Norbert Rózsa","20","Hungary","HUN","1:01.68",1992,"mens","breaststroke",100,"final"
"123","3","Phil Rogers","21","Australia","AUS","1:01.76",1992,"mens","breaststroke",100,"final"
"124","4","Akira Hayashi","17","Japan","JPN","1:01.86",1992,"mens","breaststroke",100,"final"
"125","5","Vasily Ivanov","19","Unified Team","EUN","1:01.87",1992,"mens","breaststroke",100,"final"
"126","6","Dmitry Volkov","26","Unified Team","EUN","1:02.07",1992,"mens","breaststroke",100,"final"
"127","7","Nick Gillingham","25","Great Britain","GBR","1:02.32",1992,"mens","breaststroke",100,"final"
"128","8","Adrian Moorhouse","28","Great Britain","GBR","1:02.33",1992,"mens","breaststroke",100,"final"
"129","1","Fred Deburghgraeve","23","Belgium","BEL","1:00.65",1996,"mens","breaststroke",100,"final"
"130","2","Jeremy Linn","21","United States","USA","1:00.77",1996,"mens","breaststroke",100,"final"
"131","3","Mark Warnecke","26","Germany","GER","1:01.33",1996,"mens","breaststroke",100,"final"
"132","4","Károly Güttler","28","Hungary","HUN","1:01.49",1996,"mens","breaststroke",100,"final"
"133","5","Phil Rogers","25","Australia","AUS","1:01.64",1996,"mens","breaststroke",100,"final"
"134","6","Kurt Grote","22","United States","USA","1:01.69",1996,"mens","breaststroke",100,"final"
"135","7","Zeng Qiliang","21","China","CHN","1:02.01",1996,"mens","breaststroke",100,"final"
"136","8","Stanislav Lopukhov","23","Russia","RUS","1:02.13",1996,"mens","breaststroke",100,"final"
"137","1","Domenico Fioravanti","23","Italy","ITA","1:00.46",2000,"mens","breaststroke",100,"final"
"138","2","Ed Moses","20","United States","USA","1:00.73",2000,"mens","breaststroke",100,"final"
"139","3","Roman Sludnov","20","Russia","RUS","1:00.91",2000,"mens","breaststroke",100,"final"
"140","4","Kosuke Kitajima","17","Japan","JPN","1:01.34",2000,"mens","breaststroke",100,"final"
"141","5","Daniel Málek","27","Czech Republic","CZE","1:01.50",2000,"mens","breaststroke",100,"final"
"142","6","Morgan Knabe","19","Canada","CAN","1:01.58",2000,"mens","breaststroke",100,"final"
"143","7","Brett Petersen","24","South Africa","RSA","1:01.63",2000,"mens","breaststroke",100,"final"
"144","8","Remo Lütolf","20","Switzerland","SUI","1:01.88",2000,"mens","breaststroke",100,"final"
"145","1","Kosuke Kitajima","21","Japan","JPN","1:00.08",2004,"mens","breaststroke",100,"final"
"146","2","Brendan Hansen","22","United States","USA","1:00.25",2004,"mens","breaststroke",100,"final"
"147","3","Hugues Duboscq","22","France","FRA","1:00.88",2004,"mens","breaststroke",100,"final"
"148","4","Mark Gangloff","22","United States","USA","1:01.17",2004,"mens","breaststroke",100,"final"
"149","5","Vlad Polyakov","20","Kazakhstan","KAZ","1:01.34",2004,"mens","breaststroke",100,"final"
"150","6","James Gibson","24","Great Britain","GBR","1:01.36",2004,"mens","breaststroke",100,"final"
"151","7","Darren Mew","24","Great Britain","GBR","1:01.66",2004,"mens","breaststroke",100,"final"
"152","8","Oleh Lisohor","25","Ukraine","UKR","1:02.42",2004,"mens","breaststroke",100,"final"
"153","1","Kosuke Kitajima","25","Japan","JPN","58.91",2008,"mens","breaststroke",100,"final"
"154","2","Alexander Dale Oen","23","Norway","NOR","59.20",2008,"mens","breaststroke",100,"final"
"155","3","Hugues Duboscq","26","France","FRA","59.37",2008,"mens","breaststroke",100,"final"
"156","4","Brendan Hansen","26","United States","USA","59.57",2008,"mens","breaststroke",100,"final"
"157","5","Brenton Rickard","24","Australia","AUS","59.74",2008,"mens","breaststroke",100,"final"
"158","6","Roman Sludnov","28","Russia","RUS","59.87",2008,"mens","breaststroke",100,"final"
"159","7","Ihor Borysyk","24","Ukraine","UKR","1:00.20",2008,"mens","breaststroke",100,"final"
"160","8","Mark Gangloff","26","United States","USA","1:00.24",2008,"mens","breaststroke",100,"final"
"161","1","Cameron van der Burgh","24","South Africa","RSA","58.46",2012,"mens","breaststroke",100,"final"
"162","2","Christian Sprenger","26","Australia","AUS","58.93",2012,"mens","breaststroke",100,"final"
"163","3","Brendan Hansen","30","United States","USA","59.49",2012,"mens","breaststroke",100,"final"
"164","4","Dániel Gyurta","23","Hungary","HUN","59.53",2012,"mens","breaststroke",100,"final"
"165","5","Kosuke Kitajima","29","Japan","JPN","59.79",2012,"mens","breaststroke",100,"final"
"166","6","Brenton Rickard","28","Australia","AUS","59.87",2012,"mens","breaststroke",100,"final"
"167","7","Fabio Scozzoli","23","Italy","ITA","59.97",2012,"mens","breaststroke",100,"final"
"168","8","Giedrius Titenis","23","Lithuania","LTU","1:00.84",2012,"mens","breaststroke",100,"final"
"169","1","József Szabó","19","Hungary","HUN","2:13.52",1988,"mens","breaststroke",200,"final"
"170","2","Nick Gillingham","21","Great Britain","GBR","2:14.12",1988,"mens","breaststroke",200,"final"
"171","3","Sergio López","20","Spain","ESP","2:15.21",1988,"mens","breaststroke",200,"final"
"172","4","Mike Barrowman","19","United States","USA","2:15.45",1988,"mens","breaststroke",200,"final"
"173","5","Valeriy Lozik","20","Soviet Union","URS","2:16.16",1988,"mens","breaststroke",200,"final"
"174","6","Vadim Alekseyev","18","Soviet Union","URS","2:16.70",1988,"mens","breaststroke",200,"final"
"175","7","Jon Cleveland","17","Canada","CAN","2:17.10",1988,"mens","breaststroke",200,"final"
"176","8","Péter Szabó","20","Hungary","HUN","2:17.12",1988,"mens","breaststroke",200,"final"
"177","1","Mike Barrowman","23","United States","USA","2:10.16",1992,"mens","breaststroke",200,"final"
"178","2","Norbert Rózsa","20","Hungary","HUN","2:11.23",1992,"mens","breaststroke",200,"final"
"179","3","Nick Gillingham","25","Great Britain","GBR","2:11.29",1992,"mens","breaststroke",200,"final"
"180","4","Sergio López","23","Spain","ESP","2:13.29",1992,"mens","breaststroke",200,"final"
"181","5","Károly Güttler","24","Hungary","HUN","2:13.32",1992,"mens","breaststroke",200,"final"
"182","6","Phil Rogers","21","Australia","AUS","2:13.59",1992,"mens","breaststroke",200,"final"
"183","7","Kenji Watanabe","23","Japan","JPN","2:14.70",1992,"mens","breaststroke",200,"final"
"184","8","Akira Hayashi","17","Japan","JPN","2:15.11",1992,"mens","breaststroke",200,"final"
"185","1","Norbert Rózsa","24","Hungary","HUN","2:12.57",1996,"mens","breaststroke",200,"final"
"186","2","Károly Güttler","28","Hungary","HUN","2:13.03",1996,"mens","breaststroke",200,"final"
"187","3","Andrey Korneyev","22","Russia","RUS","2:13.17",1996,"mens","breaststroke",200,"final"
"188","4","Nick Gillingham","29","Great Britain","GBR","2:14.37",1996,"mens","breaststroke",200,"final"
"189","5","Phil Rogers","25","Australia","AUS","2:14.79",1996,"mens","breaststroke",200,"final"
"190","6","Marek Krawczyk","20","Poland","POL","2:14.84",1996,"mens","breaststroke",200,"final"
"191","7","Eric Wunderlich","26","United States","USA","2:15.69",1996,"mens","breaststroke",200,"final"
"192","8","Kurt Grote","22","United States","USA","2:16.05",1996,"mens","breaststroke",200,"final"
"193","1","Domenico Fioravanti","23","Italy","ITA","2:10.87",2000,"mens","breaststroke",200,"final"
"194","2","Terence Parkin","20","South Africa","RSA","2:12.50",2000,"mens","breaststroke",200,"final"
"195","3","Davide Rummolo","22","Italy","ITA","2:12.73",2000,"mens","breaststroke",200,"final"
"196","4","Regan Harrison","22","Australia","AUS","2:12.88",2000,"mens","breaststroke",200,"final"
"197","5","Daniel Málek","27","Czech Republic","CZE","2:13.20",2000,"mens","breaststroke",200,"final"
"198","6","Kyle Salyards","19","United States","USA","2:13.27",2000,"mens","breaststroke",200,"final"
"199","7","Yohan Bernard","26","France","FRA","2:13.31",2000,"mens","breaststroke",200,"final"
"200","8","Ryan Mitchell","23","Australia","AUS","2:14.00",2000,"mens","breaststroke",200,"final"
"201","1","Kosuke Kitajima","21","Japan","JPN","2:09.44",2004,"mens","breaststroke",200,"final"
"202","2","Dániel Gyurta","15","Hungary","HUN","2:10.80",2004,"mens","breaststroke",200,"final"
"203","3","Brendan Hansen","22","United States","USA","2:10.87",2004,"mens","breaststroke",200,"final"
"204","4","Paolo Bossini","19","Italy","ITA","2:11.20",2004,"mens","breaststroke",200,"final"
"205","5","Vlad Polyakov","20","Kazakhstan","KAZ","2:11.76",2004,"mens","breaststroke",200,"final"
"206","6","Mike Brown","20","Canada","CAN","2:11.94",2004,"mens","breaststroke",200,"final"
"207","7","Scott Usher","21","United States","USA","2:11.95",2004,"mens","breaststroke",200,"final"
"208","AC","Jim Piper","22","Australia","AUS","",2004,"mens","breaststroke",200,"final"
"209","1","Kosuke Kitajima","25","Japan","JPN","2:07.64",2008,"mens","breaststroke",200,"final"
"210","2","Brenton Rickard","24","Australia","AUS","2:08.88",2008,"mens","breaststroke",200,"final"
"211","3","Hugues Duboscq","26","France","FRA","2:08.94",2008,"mens","breaststroke",200,"final"
"212","4","Mike Brown","24","Canada","CAN","2:09.03",2008,"mens","breaststroke",200,"final"
"213","5","Dániel Gyurta","19","Hungary","HUN","2:09.22",2008,"mens","breaststroke",200,"final"
"214","6","Scott Spann","20","United States","USA","2:09.76",2008,"mens","breaststroke",200,"final"
"215","7","Loris Facci","24","Italy","ITA","2:10.57",2008,"mens","breaststroke",200,"final"
"216","8","Paolo Bossini","23","Italy","ITA","2:11.48",2008,"mens","breaststroke",200,"final"
"217","1","Dániel Gyurta","23","Hungary","HUN","2:07.28",2012,"mens","breaststroke",200,"final"
"218","2","Michael Jamieson","23","Great Britain","GBR","2:07.43",2012,"mens","breaststroke",200,"final"
"219","3","Ryo Tateishi","23","Japan","JPN","2:08.29",2012,"mens","breaststroke",200,"final"
"220","4","Kosuke Kitajima","29","Japan","JPN","2:08.35",2012,"mens","breaststroke",200,"final"
"221","5","Scott Weltz","25","United States","USA","2:09.02",2012,"mens","breaststroke",200,"final"
"222","6","Clark Burckle","24","United States","USA","2:09.25",2012,"mens","breaststroke",200,"final"
"223","7","Brenton Rickard","28","Australia","AUS","2:09.28",2012,"mens","breaststroke",200,"final"
"224","8","Andrew Willis","21","Great Britain","GBR","2:09.44",2012,"mens","breaststroke",200,"final"
"225","1","Anthony Nesty","20","Suriname","SUR","53.00",1988,"mens","butterfly",100,"final"
"226","2","Matt Biondi","22","United States","USA","53.01",1988,"mens","butterfly",100,"final"
"227","3","Andy Jameson","23","Great Britain","GBR","53.30",1988,"mens","butterfly",100,"final"
"228","4","Jon Sieben","22","Australia","AUS","53.33",1988,"mens","butterfly",100,"final"
"229","5","Michael Groß","24","West Germany","FRG","53.44",1988,"mens","butterfly",100,"final"
"230","6","Jay Mortenson","21","United States","USA","54.07",1988,"mens","butterfly",100,"final"
"231","7","Tom Ponting","23","Canada","CAN","54.09",1988,"mens","butterfly",100,"final"
"232","8","Vadym Yaroshchuk","22","Soviet Union","URS","54.60",1988,"mens","butterfly",100,"final"
"233","1","Pablo Morales","27","United States","USA","53.32",1992,"mens","butterfly",100,"final"
"234","2","Rafał Szukała","21","Poland","POL","53.35",1992,"mens","butterfly",100,"final"
"235","3","Anthony Nesty","24","Suriname","SUR","53.41",1992,"mens","butterfly",100,"final"
"236","4","Pavlo Khnykin","23","Unified Team","EUN","53.81",1992,"mens","butterfly",100,"final"
"237","5","Mel Stewart","23","United States","USA","54.04",1992,"mens","butterfly",100,"final"
"238","6","Marcel Gery","27","Canada","CAN","54.18",1992,"mens","butterfly",100,"final"
"239","7","Martín López-Zubero","23","Spain","ESP","54.19",1992,"mens","butterfly",100,"final"
"240","8","Vladislav Kulikov","21","Unified Team","EUN","54.26",1992,"mens","butterfly",100,"final"
"241","1","Denis Pankratov","22","Russia","RUS","52.27",1996,"mens","butterfly",100,"final"
"242","2","Scott Miller","21","Australia","AUS","52.53",1996,"mens","butterfly",100,"final"
"243","3","Vladislav Kulikov","25","Russia","RUS","53.13",1996,"mens","butterfly",100,"final"
"244","4","Jiang Chengji","20","China","CHN","53.20",1996,"mens","butterfly",100,"final"
"245","5","Rafał Szukała","25","Poland","POL","53.29",1996,"mens","butterfly",100,"final"
"246","6","Michael Klim","18","Australia","AUS","53.30",1996,"mens","butterfly",100,"final"
"247","7","Stephen Clarke","22","Canada","CAN","53.33",1996,"mens","butterfly",100,"final"
"248","8","Pavlo Khnykin","27","Ukraine","UKR","53.58",1996,"mens","butterfly",100,"final"
"249","1","Lars Frölander","26","Sweden","SWE","52.00",2000,"mens","butterfly",100,"final"
"250","2","Michael Klim","23","Australia","AUS","52.18",2000,"mens","butterfly",100,"final"
"251","3","Geoff Huegill","21","Australia","AUS","52.22",2000,"mens","butterfly",100,"final"
"252","4","Ian Crocker","18","United States","USA","52.44",2000,"mens","butterfly",100,"final"
"253","5T","Mike Mintenko","24","Canada","CAN","52.58",2000,"mens","butterfly",100,"final"
"254","5T","Takashi Yamamoto","22","Japan","JPN","52.58",2000,"mens","butterfly",100,"final"
"255","7T","Thomas Rupprath","23","Germany","GER","53.13",2000,"mens","butterfly",100,"final"
"256","7T","Anatoly Polyakov","20","Russia","RUS","53.13",2000,"mens","butterfly",100,"final"
"257","1","Michael Phelps","19","United States","USA","51.25",2004,"mens","butterfly",100,"final"
"258","2","Ian Crocker","21","United States","USA","51.29",2004,"mens","butterfly",100,"final"
"259","3","Andriy Serdinov","21","Ukraine","UKR","51.36",2004,"mens","butterfly",100,"final"
"260","4","Thomas Rupprath","27","Germany","GER","52.27",2004,"mens","butterfly",100,"final"
"261","5","Igor Marchenko","28","Russia","RUS","52.32",2004,"mens","butterfly",100,"final"
"262","6","Gabriel Mangabeira","22","Brazil","BRA","52.34",2004,"mens","butterfly",100,"final"
"263","7","Duje Draganja","21","Croatia","CRO","52.46",2004,"mens","butterfly",100,"final"
"264","8","Geoff Huegill","25","Australia","AUS","52.56",2004,"mens","butterfly",100,"final"
"265","1","Michael Phelps","23","United States","USA","50.58",2008,"mens","butterfly",100,"final"
"266","2","Milorad Čavić","24","Serbia","SRB","50.59",2008,"mens","butterfly",100,"final"
"267","3","Andrew Lauterstein","21","Australia","AUS","51.12",2008,"mens","butterfly",100,"final"
"268","4","Ian Crocker","25","United States","USA","51.13",2008,"mens","butterfly",100,"final"
"269","5","Jason Dunford","21","Kenya","KEN","51.47",2008,"mens","butterfly",100,"final"
"270","6","Takuro Fujii","23","Japan","JPN","51.50",2008,"mens","butterfly",100,"final"
"271","7","Andriy Serdinov","25","Ukraine","UKR","51.59",2008,"mens","butterfly",100,"final"
"272","8","Ryan Pini","26","Papua New Guinea","PNG","51.86",2008,"mens","butterfly",100,"final"
"273","1","Michael Phelps","27","United States","USA","51.21",2012,"mens","butterfly",100,"final"
"274","2T","Chad le Clos","20","South Africa","RSA","51.44",2012,"mens","butterfly",100,"final"
"275","2T","Yevgeny Korotyshkin","29","Russia","RUS","51.44",2012,"mens","butterfly",100,"final"
"276","4T","Milorad Čavić","28","Serbia","SRB","51.81",2012,"mens","butterfly",100,"final"
"277","4T","Steffen Deibler","25","Germany","GER","51.81",2012,"mens","butterfly",100,"final"
"278","6","Joeri Verlinden","24","Netherlands","NED","51.82",2012,"mens","butterfly",100,"final"
"279","7","Tyler McGill","24","United States","USA","51.88",2012,"mens","butterfly",100,"final"
"280","8","Konrad Czerniak","23","Poland","POL","52.05",2012,"mens","butterfly",100,"final"
"281","1","Michael Groß","24","West Germany","FRG","1:56.94",1988,"mens","butterfly",200,"final"
"282","2","Benny Nielsen","22","Denmark","DEN","1:58.24",1988,"mens","butterfly",200,"final"
"283","3","Anthony Mosse","23","New Zealand","NZL","1:58.28",1988,"mens","butterfly",200,"final"
"284","4","Tom Ponting","23","Canada","CAN","1:58.91",1988,"mens","butterfly",200,"final"
"285","5","Mel Stewart","19","United States","USA","1:59.19",1988,"mens","butterfly",200,"final"
"286","6","David Wilson","21","Australia","AUS","1:59.20",1988,"mens","butterfly",200,"final"
"287","7","Jon Kelly","22","Canada","CAN","1:59.48",1988,"mens","butterfly",200,"final"
"288","8","Anthony Nesty","20","Suriname","SUR","2:00.80",1988,"mens","butterfly",200,"final"
"289","1","Mel Stewart","23","United States","USA","1:56.26",1992,"mens","butterfly",200,"final"
"290","2","Danyon Loader","17","New Zealand","NZL","1:57.93",1992,"mens","butterfly",200,"final"
"291","3","Franck Esposito","21","France","FRA","1:58.51",1992,"mens","butterfly",200,"final"
"292","4","Rafał Szukała","21","Poland","POL","1:58.89",1992,"mens","butterfly",200,"final"
"293","5","Keiichi Kawanaka","19","Japan","JPN","1:58.97",1992,"mens","butterfly",200,"final"
"294","6","Denis Pankratov","18","Unified Team","EUN","1:58.98",1992,"mens","butterfly",200,"final"
"295","7","Robert Pinter","24","Romania","ROU","1:59.34",1992,"mens","butterfly",200,"final"
"296","8","Martin Roberts","26","Australia","AUS","1:59.64",1992,"mens","butterfly",200,"final"
"297","1","Denis Pankratov","22","Russia","RUS","1:56.51",1996,"mens","butterfly",200,"final"
"298","2","Tom Malchow","19","United States","USA","1:57.44",1996,"mens","butterfly",200,"final"
"299","3","Scott Goodman","22","Australia","AUS","1:57.48",1996,"mens","butterfly",200,"final"
"300","4","Franck Esposito","25","France","FRA","1:58.10",1996,"mens","butterfly",200,"final"
"301","5","Scott Miller","21","Australia","AUS","1:58.28",1996,"mens","butterfly",200,"final"
"302","6","Denys Sylantiev","19","Ukraine","UKR","1:58.37",1996,"mens","butterfly",200,"final"
"303","7","James Hickman","20","Great Britain","GBR","1:58.47",1996,"mens","butterfly",200,"final"
"304","8","Péter Horváth","21","Hungary","HUN","1:59.12",1996,"mens","butterfly",200,"final"
"305","1","Tom Malchow","24","United States","USA","1:55.35",2000,"mens","butterfly",200,"final"
"306","2","Denys Sylantiev","23","Ukraine","UKR","1:55.76",2000,"mens","butterfly",200,"final"
"307","3","Justin Norris","20","Australia","AUS","1:56.17",2000,"mens","butterfly",200,"final"
"308","4","Anatoly Polyakov","20","Russia","RUS","1:56.34",2000,"mens","butterfly",200,"final"
"309","5","Michael Phelps","15","United States","USA","1:56.50",2000,"mens","butterfly",200,"final"
"310","6","Steve Parry","23","Great Britain","GBR","1:57.01",2000,"mens","butterfly",200,"final"
"311","7","Denis Pankratov","26","Russia","RUS","1:57.97",2000,"mens","butterfly",200,"final"
"312","8","Franck Esposito","29","France","FRA","1:58.39",2000,"mens","butterfly",200,"final"
"313","1","Michael Phelps","19","United States","USA","1:54.04",2004,"mens","butterfly",200,"final"
"314","2","Takashi Yamamoto","26","Japan","JPN","1:54.56",2004,"mens","butterfly",200,"final"
"315","3","Steve Parry","27","Great Britain","GBR","1:55.52",2004,"mens","butterfly",200,"final"
"316","4","Paweł Korzeniowski","19","Poland","POL","1:56.00",2004,"mens","butterfly",200,"final"
"317","5","Ştefan Gherghel","25","Romania","ROU","1:56.10",2004,"mens","butterfly",200,"final"
"318","6","Wu Peng","17","China","CHN","1:56.28",2004,"mens","butterfly",200,"final"
"319","7","Nikolay Skvortsov","20","Russia","RUS","1:57.14",2004,"mens","butterfly",200,"final"
"320","8","Tom Malchow","27","United States","USA","1:57.48",2004,"mens","butterfly",200,"final"
"321","1","Michael Phelps","23","United States","USA","1:52.03",2008,"mens","butterfly",200,"final"
"322","2","László Cseh, Jr.","22","Hungary","HUN","1:52.70",2008,"mens","butterfly",200,"final"
"323","3","Takeshi Matsuda","24","Japan","JPN","1:52.97",2008,"mens","butterfly",200,"final"
"324","4T","Wu Peng","21","China","CHN","1:54.35",2008,"mens","butterfly",200,"final"
"325","4T","Moss Burmester","27","New Zealand","NZL","1:54.35",2008,"mens","butterfly",200,"final"
"326","6","Paweł Korzeniowski","23","Poland","POL","1:54.60",2008,"mens","butterfly",200,"final"
"327","7","Kaio Almeida","23","Brazil","BRA","1:54.71",2008,"mens","butterfly",200,"final"
"328","8","Nikolay Skvortsov","24","Russia","RUS","1:55.14",2008,"mens","butterfly",200,"final"
"329","1","Chad le Clos","20","South Africa","RSA","1:52.96",2012,"mens","butterfly",200,"final"
"330","2","Michael Phelps","27","United States","USA","1:53.01",2012,"mens","butterfly",200,"final"
"331","3","Takeshi Matsuda","28","Japan","JPN","1:53.21",2012,"mens","butterfly",200,"final"
"332","4","Dinko Jukic","23","Austria","AUT","1:54.35",2012,"mens","butterfly",200,"final"
"333","5","Tyler Clary","23","United States","USA","1:55.06",2012,"mens","butterfly",200,"final"
"334","6","Velimir Stjepanović","18","Serbia","SRB","1:55.07",2012,"mens","butterfly",200,"final"
"335","7","Paweł Korzeniowski","27","Poland","POL","1:55.08",2012,"mens","butterfly",200,"final"
"336","8","Chen Yin","26","China","CHN","1:55.18",2012,"mens","butterfly",200,"final"
"337","1","Matt Biondi","22","United States","USA","22.14",1988,"mens","freestyle",50,"final"
"338","2","Tom Jager","23","United States","USA","22.36",1988,"mens","freestyle",50,"final"
"339","3","Gennady Prigoda","23","Soviet Union","URS","22.71",1988,"mens","freestyle",50,"final"
"340","4","Dano Halsall","25","Switzerland","SUI","22.83",1988,"mens","freestyle",50,"final"
"341","5","Stéfan Voléry","27","Switzerland","SUI","22.84",1988,"mens","freestyle",50,"final"
"342","6","Volodymyr Tkachenko","23","Soviet Union","URS","22.88",1988,"mens","freestyle",50,"final"
"343","7","Frank Henter","24","West Germany","FRG","23.03",1988,"mens","freestyle",50,"final"
"344","8","Andrew Baildon","17","Australia","AUS","23.15",1988,"mens","freestyle",50,"final"
"345","1","Aleksandr Popov","20","Unified Team","EUN","21.91",1992,"mens","freestyle",50,"final"
"346","2","Matt Biondi","26","United States","USA","22.09",1992,"mens","freestyle",50,"final"
"347","3","Tom Jager","27","United States","USA","22.30",1992,"mens","freestyle",50,"final"
"348","4T","Christophe Kalfayan","23","France","FRA","22.50",1992,"mens","freestyle",50,"final"
"349","4T","Peter Williams","24","South Africa","RSA","22.50",1992,"mens","freestyle",50,"final"
"350","6","Mark Foster","22","Great Britain","GBR","22.52",1992,"mens","freestyle",50,"final"
"351","7","Gennady Prigoda","27","Unified Team","EUN","22.54",1992,"mens","freestyle",50,"final"
"352","8","Nils Rudolph","26","Germany","GER","22.73",1992,"mens","freestyle",50,"final"
"353","1","Aleksandr Popov","24","Russia","RUS","22.13",1996,"mens","freestyle",50,"final"
"354","2","Gary Hall, Jr.","21","United States","USA","22.26",1996,"mens","freestyle",50,"final"
"355","3","Xuxa Scherer","21","Brazil","BRA","22.29",1996,"mens","freestyle",50,"final"
"356","4","Jiang Chengji","20","China","CHN","22.33",1996,"mens","freestyle",50,"final"
"357","5","Brendon Dedekind","20","South Africa","RSA","22.59",1996,"mens","freestyle",50,"final"
"358","6","David Fox","25","United States","USA","22.68",1996,"mens","freestyle",50,"final"
"359","7","Francisco Sánchez","19","Venezuela","VEN","22.72",1996,"mens","freestyle",50,"final"
"360","8","Ricardo Busquets","21","Puerto Rico","PUR","22.73",1996,"mens","freestyle",50,"final"
"361","1T","Anthony Ervin","19","United States","USA","21.98",2000,"mens","freestyle",50,"final"
"362","1T","Gary Hall, Jr.","25","United States","USA","21.98",2000,"mens","freestyle",50,"final"
"363","3","Pieter van den Hoogenband","22","Netherlands","NED","22.03",2000,"mens","freestyle",50,"final"
"364","4","Lorenzo Vismara","25","Italy","ITA","22.11",2000,"mens","freestyle",50,"final"
"365","5","Bartosz Kizierowski","23","Poland","POL","22.22",2000,"mens","freestyle",50,"final"
"366","6","Aleksandr Popov","28","Russia","RUS","22.24",2000,"mens","freestyle",50,"final"
"367","7","Mark Foster","30","Great Britain","GBR","22.41",2000,"mens","freestyle",50,"final"
"368","8","Oleksandr Volynets","25","Ukraine","UKR","22.51",2000,"mens","freestyle",50,"final"
"369","1","Gary Hall, Jr.","29","United States","USA","21.93",2004,"mens","freestyle",50,"final"
"370","2","Duje Draganja","21","Croatia","CRO","21.94",2004,"mens","freestyle",50,"final"
"371","3","Roland Schoeman","24","South Africa","RSA","22.02",2004,"mens","freestyle",50,"final"
"372","4","Stefan Nystrand","22","Sweden","SWE","22.08",2004,"mens","freestyle",50,"final"
"373","5","Jason Lezak","28","United States","USA","22.11",2004,"mens","freestyle",50,"final"
"374","6","Brett Hawke","29","Australia","AUS","22.18",2004,"mens","freestyle",50,"final"
"375","7","Oleksandr Volynets","29","Ukraine","UKR","22.26",2004,"mens","freestyle",50,"final"
"376","8","Salim Iles","29","Algeria","ALG","22.37",2004,"mens","freestyle",50,"final"
"377","1","César Cielo Filho","21","Brazil","BRA","21.30",2008,"mens","freestyle",50,"final"
"378","2","Amaury Leveaux","22","France","FRA","21.45",2008,"mens","freestyle",50,"final"
"379","3","Alain Bernard","25","France","FRA","21.49",2008,"mens","freestyle",50,"final"
"380","4","Ashley Callus","29","Australia","AUS","21.62",2008,"mens","freestyle",50,"final"
"381","5","Ben Wildman-Tobriner","23","United States","USA","21.64",2008,"mens","freestyle",50,"final"
"382","6","Eamon Sullivan","22","Australia","AUS","21.65",2008,"mens","freestyle",50,"final"
"383","7","Roland Schoeman","28","South Africa","RSA","21.67",2008,"mens","freestyle",50,"final"
"384","8","Stefan Nystrand","26","Sweden","SWE","21.72",2008,"mens","freestyle",50,"final"
"385","1","Florent Manaudou","21","France","FRA","21.34",2012,"mens","freestyle",50,"final"
"386","2","Cullen Jones","28","United States","USA","21.54",2012,"mens","freestyle",50,"final"
"387","3","César Cielo Filho","25","Brazil","BRA","21.59",2012,"mens","freestyle",50,"final"
"388","4","Bruno Fratus","23","Brazil","BRA","21.61",2012,"mens","freestyle",50,"final"
"389","5","Anthony Ervin","31","United States","USA","21.78",2012,"mens","freestyle",50,"final"
"390","6","Roland Schoeman","32","South Africa","RSA","21.80",2012,"mens","freestyle",50,"final"
"391","7","George Bovell","29","Trinidad and Tobago","TTO","21.82",2012,"mens","freestyle",50,"final"
"392","8","Eamon Sullivan","26","Australia","AUS","21.98",2012,"mens","freestyle",50,"final"
"393","1","Matt Biondi","22","United States","USA","48.63",1988,"mens","freestyle",100,"final"
"394","2","Chris Jacobs","23","United States","USA","49.08",1988,"mens","freestyle",100,"final"
"395","3","Stéphan Caron","22","France","FRA","49.62",1988,"mens","freestyle",100,"final"
"396","4","Gennady Prigoda","23","Soviet Union","URS","49.75",1988,"mens","freestyle",100,"final"
"397","5","Iurie Başcatov","20","Soviet Union","URS","50.08",1988,"mens","freestyle",100,"final"
"398","6","Andrew Baildon","17","Australia","AUS","50.23",1988,"mens","freestyle",100,"final"
"399","7","Per Johansson","25","Sweden","SWE","50.35",1988,"mens","freestyle",100,"final"
"400","8","Tom Werner","22","Sweden","SWE","50.54",1988,"mens","freestyle",100,"final"
"401","1","Aleksandr Popov","20","Unified Team","EUN","49.02",1992,"mens","freestyle",100,"final"
"402","2","Gustavo Borges","19","Brazil","BRA","49.43",1992,"mens","freestyle",100,"final"
"403","3","Stéphan Caron","26","France","FRA","49.50",1992,"mens","freestyle",100,"final"
"404","4","Jon Olsen","23","United States","USA","49.51",1992,"mens","freestyle",100,"final"
"405","5","Matt Biondi","26","United States","USA","49.53",1992,"mens","freestyle",100,"final"
"406","6","Tom Werner","26","Sweden","SWE","49.63",1992,"mens","freestyle",100,"final"
"407","7","Christian Tröger","22","Germany","GER","49.84",1992,"mens","freestyle",100,"final"
"408","8","Gennady Prigoda","27","Unified Team","EUN","50.25",1992,"mens","freestyle",100,"final"
"409","1","Aleksandr Popov","24","Russia","RUS","48.74",1996,"mens","freestyle",100,"final"
"410","2","Gary Hall, Jr.","21","United States","USA","48.81",1996,"mens","freestyle",100,"final"
"411","3","Gustavo Borges","23","Brazil","BRA","49.02",1996,"mens","freestyle",100,"final"
"412","4","Pieter van den Hoogenband","18","Netherlands","NED","49.13",1996,"mens","freestyle",100,"final"
"413","5","Xuxa Scherer","21","Brazil","BRA","49.57",1996,"mens","freestyle",100,"final"
"414","6","Pavlo Khnykin","27","Ukraine","UKR","49.65",1996,"mens","freestyle",100,"final"
"415","7","Ricardo Busquets","21","Puerto Rico","PUR","49.68",1996,"mens","freestyle",100,"final"
"416","8","Francisco Sánchez","19","Venezuela","VEN","49.84",1996,"mens","freestyle",100,"final"
"417","1","Pieter van den Hoogenband","22","Netherlands","NED","48.30",2000,"mens","freestyle",100,"final"
"418","2","Aleksandr Popov","28","Russia","RUS","48.69",2000,"mens","freestyle",100,"final"
"419","3","Gary Hall, Jr.","25","United States","USA","48.73",2000,"mens","freestyle",100,"final"
"420","4","Michael Klim","23","Australia","AUS","48.74",2000,"mens","freestyle",100,"final"
"421","5","Neil Walker","24","United States","USA","49.09",2000,"mens","freestyle",100,"final"
"422","6","Lars Frölander","26","Sweden","SWE","49.22",2000,"mens","freestyle",100,"final"
"423","7","Denis Pimankov","25","Russia","RUS","49.36",2000,"mens","freestyle",100,"final"
"424","8","Chris Fydler","27","Australia","AUS","49.44",2000,"mens","freestyle",100,"final"
"425","1","Pieter van den Hoogenband","26","Netherlands","NED","48.17",2004,"mens","freestyle",100,"final"
"426","2","Roland Schoeman","24","South Africa","RSA","48.23",2004,"mens","freestyle",100,"final"
"427","3","Ian Thorpe","21","Australia","AUS","48.56",2004,"mens","freestyle",100,"final"
"428","4","Ryk Neethling","26","South Africa","RSA","48.63",2004,"mens","freestyle",100,"final"
"429","5","Filippo Magnini","22","Italy","ITA","48.99",2004,"mens","freestyle",100,"final"
"430","6","Duje Draganja","21","Croatia","CRO","49.23",2004,"mens","freestyle",100,"final"
"431","7T","Salim Iles","29","Algeria","ALG","49.30",2004,"mens","freestyle",100,"final"
"432","7T","Andrey Kapralov","23","Russia","RUS","49.30",2004,"mens","freestyle",100,"final"
"433","1","Alain Bernard","25","France","FRA","47.21",2008,"mens","freestyle",100,"final"
"434","2","Eamon Sullivan","22","Australia","AUS","47.32",2008,"mens","freestyle",100,"final"
"435","3T","Jason Lezak","32","United States","USA","47.67",2008,"mens","freestyle",100,"final"
"436","3T","César Cielo Filho","21","Brazil","BRA","47.67",2008,"mens","freestyle",100,"final"
"437","5","Pieter van den Hoogenband","30","Netherlands","NED","47.75",2008,"mens","freestyle",100,"final"
"438","6","Lyndon Ferns","24","South Africa","RSA","48.04",2008,"mens","freestyle",100,"final"
"439","7","Matt Targett","22","Australia","AUS","48.20",2008,"mens","freestyle",100,"final"
"440","8","Stefan Nystrand","26","Sweden","SWE","48.33",2008,"mens","freestyle",100,"final"
"441","1","Nathan Adrian","23","United States","USA","47.52",2012,"mens","freestyle",100,"final"
"442","2","James Magnussen","21","Australia","AUS","47.53",2012,"mens","freestyle",100,"final"
"443","3","Brent Hayden","28","Canada","CAN","47.80",2012,"mens","freestyle",100,"final"
"444","4","Yannick Agnel","20","France","FRA","47.84",2012,"mens","freestyle",100,"final"
"445","5","Sebastiaan Verschuren","23","Netherlands","NED","47.88",2012,"mens","freestyle",100,"final"
"446","6","César Cielo Filho","25","Brazil","BRA","47.92",2012,"mens","freestyle",100,"final"
"447","7","Hanser García","23","Cuba","CUB","48.04",2012,"mens","freestyle",100,"final"
"448","8","Nikita Lobintsev","23","Russia","RUS","48.44",2012,"mens","freestyle",100,"final"
"449","1","Duncan Armstrong","20","Australia","AUS","1:47.25",1988,"mens","freestyle",200,"final"
"450","2","Anders Holmertz","19","Sweden","SWE","1:47.89",1988,"mens","freestyle",200,"final"
"451","3","Matt Biondi","22","United States","USA","1:47.99",1988,"mens","freestyle",200,"final"
"452","4","Artur Wojdat","20","Poland","POL","1:48.40",1988,"mens","freestyle",200,"final"
"453","5","Michael Groß","24","West Germany","FRG","1:48.59",1988,"mens","freestyle",200,"final"
"454","6","Steffen Zesner","20","East Germany","GDR","1:48.77",1988,"mens","freestyle",200,"final"
"455","7","Troy Dalbey","19","United States","USA","1:48.86",1988,"mens","freestyle",200,"final"
"456","8","Thomas Fahrner","25","West Germany","FRG","1:49.19",1988,"mens","freestyle",200,"final"
"457","1","Yevgeny Sadovy","19","Unified Team","EUN","1:46.70",1992,"mens","freestyle",200,"final"
"458","2","Anders Holmertz","23","Sweden","SWE","1:46.86",1992,"mens","freestyle",200,"final"
"459","3","Antti Kasvio","18","Finland","FIN","1:47.63",1992,"mens","freestyle",200,"final"
"460","4","Artur Wojdat","24","Poland","POL","1:48.24",1992,"mens","freestyle",200,"final"
"461","5","Vlad Pyshnenko","22","Unified Team","EUN","1:48.32",1992,"mens","freestyle",200,"final"
"462","6","Joe Hudepohl","18","United States","USA","1:48.36",1992,"mens","freestyle",200,"final"
"463","7","Steffen Zesner","24","Germany","GER","1:48.84",1992,"mens","freestyle",200,"final"
"464","8","Doug Gjertsen","24","United States","USA","1:50.57",1992,"mens","freestyle",200,"final"
"465","1","Danyon Loader","21","New Zealand","NZL","1:47.63",1996,"mens","freestyle",200,"final"
"466","2","Gustavo Borges","23","Brazil","BRA","1:48.08",1996,"mens","freestyle",200,"final"
"467","3","Daniel Kowalski","21","Australia","AUS","1:48.25",1996,"mens","freestyle",200,"final"
"468","4","Pieter van den Hoogenband","18","Netherlands","NED","1:48.36",1996,"mens","freestyle",200,"final"
"469","5","Anders Holmertz","27","Sweden","SWE","1:48.42",1996,"mens","freestyle",200,"final"
"470","6","Massimiliano Rosolino","18","Italy","ITA","1:48.50",1996,"mens","freestyle",200,"final"
"471","7","Josh Davis","23","United States","USA","1:48.54",1996,"mens","freestyle",200,"final"
"472","8","Paul Palmer","21","Great Britain","GBR","1:49.39",1996,"mens","freestyle",200,"final"
"473","1","Pieter van den Hoogenband","22","Netherlands","NED","1:45.35",2000,"mens","freestyle",200,"final"
"474","2","Ian Thorpe","17","Australia","AUS","1:45.83",2000,"mens","freestyle",200,"final"
"475","3","Massimiliano Rosolino","22","Italy","ITA","1:46.65",2000,"mens","freestyle",200,"final"
"476","4","Josh Davis","28","United States","USA","1:46.73",2000,"mens","freestyle",200,"final"
"477","5","Paul Palmer","25","Great Britain","GBR","1:47.95",2000,"mens","freestyle",200,"final"
"478","6","James Salter","24","Great Britain","GBR","1:48.74",2000,"mens","freestyle",200,"final"
"479","7","Rick Say","21","Canada","CAN","1:48.76",2000,"mens","freestyle",200,"final"
"480","8","Grant Hackett","20","Australia","AUS","1:49.46",2000,"mens","freestyle",200,"final"
"481","1","Ian Thorpe","21","Australia","AUS","1:44.71",2004,"mens","freestyle",200,"final"
"482","2","Pieter van den Hoogenband","26","Netherlands","NED","1:45.23",2004,"mens","freestyle",200,"final"
"483","3","Michael Phelps","19","United States","USA","1:45.32",2004,"mens","freestyle",200,"final"
"484","4","Klete Keller","22","United States","USA","1:46.13",2004,"mens","freestyle",200,"final"
"485","5","Grant Hackett","24","Australia","AUS","1:46.56",2004,"mens","freestyle",200,"final"
"486","6","Rick Say","25","Canada","CAN","1:47.55",2004,"mens","freestyle",200,"final"
"487","7","Simon Burnett","21","Great Britain","GBR","1:48.02",2004,"mens","freestyle",200,"final"
"488","8","Emiliano Brembilla","25","Italy","ITA","1:48.40",2004,"mens","freestyle",200,"final"
"489","1","Michael Phelps","23","United States","USA","1:42.96",2008,"mens","freestyle",200,"final"
"490","2","Park Tae-Hwan","18","South Korea","KOR","1:44.85",2008,"mens","freestyle",200,"final"
"491","3","Peter Vanderkaay","24","United States","USA","1:45.14",2008,"mens","freestyle",200,"final"
"492","4","Jean Basson","20","South Africa","RSA","1:45.97",2008,"mens","freestyle",200,"final"
"493","5","Paul Biedermann","21","Germany","GER","1:46.00",2008,"mens","freestyle",200,"final"
"494","6","Dominik Meichtry","23","Switzerland","SUI","1:46.95",2008,"mens","freestyle",200,"final"
"495","7","Yoshihiro Okumura","25","Japan","JPN","1:47.14",2008,"mens","freestyle",200,"final"
"496","8","Robbie Renwick","20","Great Britain","GBR","1:47.47",2008,"mens","freestyle",200,"final"
"497","1","Yannick Agnel","20","France","FRA","1:43.14",2012,"mens","freestyle",200,"final"
"498","2T","Park Tae-Hwan","22","South Korea","KOR","1:44.93",2012,"mens","freestyle",200,"final"
"499","2T","Sun Yang","20","China","CHN","1:44.93",2012,"mens","freestyle",200,"final"
"500","4","Ryan Lochte","27","United States","USA","1:45.04",2012,"mens","freestyle",200,"final"
"501","5","Paul Biedermann","25","Germany","GER","1:45.53",2012,"mens","freestyle",200,"final"
"502","6","Robbie Renwick","24","Great Britain","GBR","1:46.53",2012,"mens","freestyle",200,"final"
"503","7","Thomas Fraser-Holmes","20","Australia","AUS","1:46.93",2012,"mens","freestyle",200,"final"
"504","8","Dan Izotov","20","Russia","RUS","1:47.75",2012,"mens","freestyle",200,"final"
"505","1","Uwe Daßler","21","East Germany","GDR","3:46.95",1988,"mens","freestyle",400,"final"
"506","2","Duncan Armstrong","20","Australia","AUS","3:47.15",1988,"mens","freestyle",400,"final"
"507","3","Artur Wojdat","20","Poland","POL","3:47.34",1988,"mens","freestyle",400,"final"
"508","4","Matt Cetlinski","23","United States","USA","3:48.09",1988,"mens","freestyle",400,"final"
"509","5","Mariusz Podkościelny","20","Poland","POL","3:48.59",1988,"mens","freestyle",400,"final"
"510","6","Stefan Pfeiffer","22","West Germany","FRG","3:49.96",1988,"mens","freestyle",400,"final"
"511","7","Kevin Boyd","22","Great Britain","GBR","3:50.16",1988,"mens","freestyle",400,"final"
"512","8","Anders Holmertz","19","Sweden","SWE","3:51.04",1988,"mens","freestyle",400,"final"
"513","1","Yevgeny Sadovy","19","Unified Team","EUN","3:45.00",1992,"mens","freestyle",400,"final"
"514","2","Kieren Perkins","18","Australia","AUS","3:45.16",1992,"mens","freestyle",400,"final"
"515","3","Anders Holmertz","23","Sweden","SWE","3:46.77",1992,"mens","freestyle",400,"final"
"516","4","Artur Wojdat","24","Poland","POL","3:48.10",1992,"mens","freestyle",400,"final"
"517","5","Ian Brown","26","Australia","AUS","3:48.79",1992,"mens","freestyle",400,"final"
"518","6","Sebastian Wiese","20","Germany","GER","3:49.06",1992,"mens","freestyle",400,"final"
"519","7","Stefan Pfeiffer","26","Germany","GER","3:49.75",1992,"mens","freestyle",400,"final"
"520","8","Danyon Loader","17","New Zealand","NZL","3:49.97",1992,"mens","freestyle",400,"final"
"521","1","Danyon Loader","21","New Zealand","NZL","3:47.97",1996,"mens","freestyle",400,"final"
"522","2","Paul Palmer","21","Great Britain","GBR","3:49.00",1996,"mens","freestyle",400,"final"
"523","3","Daniel Kowalski","21","Australia","AUS","3:49.39",1996,"mens","freestyle",400,"final"
"524","4","Emiliano Brembilla","17","Italy","ITA","3:49.87",1996,"mens","freestyle",400,"final"
"525","5","Anders Holmertz","27","Sweden","SWE","3:50.68",1996,"mens","freestyle",400,"final"
"526","6","Massimiliano Rosolino","18","Italy","ITA","3:51.04",1996,"mens","freestyle",400,"final"
"527","7","Jörg Hoffmann","26","Germany","GER","3:52.15",1996,"mens","freestyle",400,"final"
"528","8","Jacob Carstensen","17","Denmark","DEN","3:54.45",1996,"mens","freestyle",400,"final"
"529","1","Ian Thorpe","17","Australia","AUS","3:40.59",2000,"mens","freestyle",400,"final"
"530","2","Massimiliano Rosolino","22","Italy","ITA","3:43.40",2000,"mens","freestyle",400,"final"
"531","3","Klete Keller","18","United States","USA","3:47.00",2000,"mens","freestyle",400,"final"
"532","4","Emiliano Brembilla","21","Italy","ITA","3:47.01",2000,"mens","freestyle",400,"final"
"533","5","Dragoş Coman","19","Romania","ROU","3:47.38",2000,"mens","freestyle",400,"final"
"534","6","Chad Carvin","26","United States","USA","3:47.58",2000,"mens","freestyle",400,"final"
"535","7","Grant Hackett","20","Australia","AUS","3:48.22",2000,"mens","freestyle",400,"final"
"536","8","Ryk Neethling","22","South Africa","RSA","3:48.52",2000,"mens","freestyle",400,"final"
"537","1","Ian Thorpe","21","Australia","AUS","3:43.10",2004,"mens","freestyle",400,"final"
"538","2","Grant Hackett","24","Australia","AUS","3:43.36",2004,"mens","freestyle",400,"final"
"539","3","Klete Keller","22","United States","USA","3:44.11",2004,"mens","freestyle",400,"final"
"540","4","Larsen Jensen","18","United States","USA","3:46.08",2004,"mens","freestyle",400,"final"
"541","5","Massimiliano Rosolino","26","Italy","ITA","3:46.25",2004,"mens","freestyle",400,"final"
"542","6","Yury Prilukov","20","Russia","RUS","3:46.69",2004,"mens","freestyle",400,"final"
"543","7","Spyros Gianniotis","24","Greece","GRE","3:48.77",2004,"mens","freestyle",400,"final"
"544","8","Takeshi Matsuda","20","Japan","JPN","3:48.96",2004,"mens","freestyle",400,"final"
"545","1","Park Tae-Hwan","18","South Korea","KOR","3:41.86",2008,"mens","freestyle",400,"final"
"546","2","Zhang Lin","21","China","CHN","3:42.44",2008,"mens","freestyle",400,"final"
"547","3","Larsen Jensen","22","United States","USA","3:42.78",2008,"mens","freestyle",400,"final"
"548","4","Peter Vanderkaay","24","United States","USA","3:43.11",2008,"mens","freestyle",400,"final"
"549","5","Oussama Mellouli","24","Tunisia","TUN","3:43.45",2008,"mens","freestyle",400,"final"
"550","6","Grant Hackett","28","Australia","AUS","3:43.84",2008,"mens","freestyle",400,"final"
"551","7","Yury Prilukov","24","Russia","RUS","3:43.97",2008,"mens","freestyle",400,"final"
"552","8","Nikita Lobintsev","19","Russia","RUS","3:48.29",2008,"mens","freestyle",400,"final"
"553","1","Sun Yang","20","China","CHN","3:40.14",2012,"mens","freestyle",400,"final"
"554","2","Park Tae-Hwan","22","South Korea","KOR","3:42.06",2012,"mens","freestyle",400,"final"
"555","3","Peter Vanderkaay","28","United States","USA","3:44.69",2012,"mens","freestyle",400,"final"
"556","4","Hao Yun","17","China","CHN","3:46.02",2012,"mens","freestyle",400,"final"
"557","5","Conor Dwyer","23","United States","USA","3:46.39",2012,"mens","freestyle",400,"final"
"558","6","Gergő Kis","24","Hungary","HUN","3:47.03",2012,"mens","freestyle",400,"final"
"559","7","David Carry","30","Great Britain","GBR","3:48.62",2012,"mens","freestyle",400,"final"
"560","8","Ryan Napoleon","22","Australia","AUS","3:49.25",2012,"mens","freestyle",400,"final"
"561","1","Vladimir Salnikov","28","Soviet Union","URS","15:00.40",1988,"mens","freestyle",1500,"final"
"562","2","Stefan Pfeiffer","22","West Germany","FRG","15:02.69",1988,"mens","freestyle",1500,"final"
"563","3","Uwe Daßler","21","East Germany","GDR","15:06.15",1988,"mens","freestyle",1500,"final"
"564","4","Matt Cetlinski","23","United States","USA","15:06.42",1988,"mens","freestyle",1500,"final"
"565","5","Mariusz Podkościelny","20","Poland","POL","15:14.76",1988,"mens","freestyle",1500,"final"
"566","6","Rainer Henkel","24","West Germany","FRG","15:18.19",1988,"mens","freestyle",1500,"final"
"567","7","Kevin Boyd","22","Great Britain","GBR","15:21.16",1988,"mens","freestyle",1500,"final"
"568","8","Darjan Petrič","24","Yugoslavia","YUG","15:37.12",1988,"mens","freestyle",1500,"final"
"569","1","Kieren Perkins","18","Australia","AUS","14:43.48",1992,"mens","freestyle",1500,"final"
"570","2","Glen Housman","20","Australia","AUS","14:55.29",1992,"mens","freestyle",1500,"final"
"571","3","Jörg Hoffmann","22","Germany","GER","15:02.29",1992,"mens","freestyle",1500,"final"
"572","4","Stefan Pfeiffer","26","Germany","GER","15:04.28",1992,"mens","freestyle",1500,"final"
"573","5","Ian Wilson","21","Great Britain","GBR","15:13.35",1992,"mens","freestyle",1500,"final"
"574","6","Igor Majcen","22","Slovenia","SLO","15:19.12",1992,"mens","freestyle",1500,"final"
"575","7","Lawrence Frostad","25","United States","USA","15:19.41",1992,"mens","freestyle",1500,"final"
"576","8","Viktor Andreyev","18","Unified Team","EUN","15:33.94",1992,"mens","freestyle",1500,"final"
"577","1","Kieren Perkins","22","Australia","AUS","14:56.40",1996,"mens","freestyle",1500,"final"
"578","2","Daniel Kowalski","21","Australia","AUS","15:02.43",1996,"mens","freestyle",1500,"final"
"579","3","Graeme Smith","20","Great Britain","GBR","15:02.48",1996,"mens","freestyle",1500,"final"
"580","4","Emiliano Brembilla","17","Italy","ITA","15:08.58",1996,"mens","freestyle",1500,"final"
"581","5","Ryk Neethling","18","South Africa","RSA","15:14.63",1996,"mens","freestyle",1500,"final"
"582","6","Masato Hirano","21","Japan","JPN","15:17.28",1996,"mens","freestyle",1500,"final"
"583","7","Jörg Hoffmann","26","Germany","GER","15:18.86",1996,"mens","freestyle",1500,"final"
"584","8","Aleksey Akatyev","21","Russia","RUS","15:21.68",1996,"mens","freestyle",1500,"final"
"585","1","Grant Hackett","20","Australia","AUS","14:48.33",2000,"mens","freestyle",1500,"final"
"586","2","Kieren Perkins","27","Australia","AUS","14:53.59",2000,"mens","freestyle",1500,"final"
"587","3","Chris Thompson","21","United States","USA","14:56.81",2000,"mens","freestyle",1500,"final"
"588","4","Aleksey Filipets","22","Russia","RUS","14:56.88",2000,"mens","freestyle",1500,"final"
"589","5","Ryk Neethling","22","South Africa","RSA","15:00.48",2000,"mens","freestyle",1500,"final"
"590","6","Erik Vendt","19","United States","USA","15:08.61",2000,"mens","freestyle",1500,"final"
"591","7","Ihor Chervynskiy","18","Ukraine","UKR","15:08.80",2000,"mens","freestyle",1500,"final"
"592","8","Heiko Hell","20","Germany","GER","15:19.87",2000,"mens","freestyle",1500,"final"
"593","1","Grant Hackett","24","Australia","AUS","14:43.40",2004,"mens","freestyle",1500,"final"
"594","2","Larsen Jensen","18","United States","USA","14:45.29",2004,"mens","freestyle",1500,"final"
"595","3","Dave Davies","19","Great Britain","GBR","14:45.95",2004,"mens","freestyle",1500,"final"
"596","4","Yury Prilukov","20","Russia","RUS","14:52.48",2004,"mens","freestyle",1500,"final"
"597","5","Spyros Gianniotis","24","Greece","GRE","15:03.69",2004,"mens","freestyle",1500,"final"
"598","6","Graeme Smith","28","Great Britain","GBR","15:09.71",2004,"mens","freestyle",1500,"final"
"599","7","Dragoş Coman","23","Romania","ROU","15:10.21",2004,"mens","freestyle",1500,"final"
"600","8","Craig Stevens","24","Australia","AUS","15:13.66",2004,"mens","freestyle",1500,"final"
"601","1","Oussama Mellouli","24","Tunisia","TUN","14:40.84",2008,"mens","freestyle",1500,"final"
"602","2","Grant Hackett","28","Australia","AUS","14:41.53",2008,"mens","freestyle",1500,"final"
"603","3","Ryan Cochrane","19","Canada","CAN","14:42.69",2008,"mens","freestyle",1500,"final"
"604","4","Yury Prilukov","24","Russia","RUS","14:43.21",2008,"mens","freestyle",1500,"final"
"605","5","Larsen Jensen","22","United States","USA","14:48.16",2008,"mens","freestyle",1500,"final"
"606","6","Dave Davies","23","Great Britain","GBR","14:52.11",2008,"mens","freestyle",1500,"final"
"607","7","Zhang Lin","21","China","CHN","14:55.20",2008,"mens","freestyle",1500,"final"
"608","8","Sun Yang","16","China","CHN","15:05.12",2008,"mens","freestyle",1500,"final"
"609","1","Sun Yang","20","China","CHN","14:31.02",2012,"mens","freestyle",1500,"final"
"610","2","Ryan Cochrane","23","Canada","CAN","14:39.63",2012,"mens","freestyle",1500,"final"
"611","3","Oussama Mellouli","28","Tunisia","TUN","14:40.31",2012,"mens","freestyle",1500,"final"
"612","4","Park Tae-Hwan","22","South Korea","KOR","14:50.61",2012,"mens","freestyle",1500,"final"
"613","5","Gregorio Paltrinieri","17","Italy","ITA","14:51.92",2012,"mens","freestyle",1500,"final"
"614","6","Connor Jaeger","21","United States","USA","14:52.99",2012,"mens","freestyle",1500,"final"
"615","7","Mateusz Sawrymowicz","25","Poland","POL","14:54.32",2012,"mens","freestyle",1500,"final"
"616","8","Daniel Fogg","24","Great Britain","GBR","15:00.76",2012,"mens","freestyle",1500,"final"
"617","1","Tamás Darnyi","21","Hungary","HUN","2:00.17",1988,"mens","individual-medley",200,"final"
"618","2","Patrick Kühl","20","East Germany","GDR","2:01.61",1988,"mens","individual-medley",200,"final"
"619","3","Vadym Yaroshchuk","22","Soviet Union","URS","2:02.40",1988,"mens","individual-medley",200,"final"
"620","4","Mikhail Zubkov","20","Soviet Union","URS","2:02.92",1988,"mens","individual-medley",200,"final"
"621","5","Peter Bermel","21","West Germany","FRG","2:03.81",1988,"mens","individual-medley",200,"final"
"622","6","Robert Bruce","19","Australia","AUS","2:04.34",1988,"mens","individual-medley",200,"final"
"623","7","Raik Hannemann","20","East Germany","GDR","2:04.82",1988,"mens","individual-medley",200,"final"
"624","8","Gary Anderson","19","Canada","CAN","2:06.35",1988,"mens","individual-medley",200,"final"
"625","1","Tamás Darnyi","25","Hungary","HUN","2:00.76",1992,"mens","individual-medley",200,"final"
"626","2","Greg Burgess","20","United States","USA","2:00.97",1992,"mens","individual-medley",200,"final"
"627","3","Attila Czene","18","Hungary","HUN","2:01.00",1992,"mens","individual-medley",200,"final"
"628","4","Jani Sievinen","18","Finland","FIN","2:01.28",1992,"mens","individual-medley",200,"final"
"629","5","Christian Geßner","24","Germany","GER","2:01.97",1992,"mens","individual-medley",200,"final"
"630","6","Ron Karnaugh","26","United States","USA","2:02.18",1992,"mens","individual-medley",200,"final"
"631","7","Matt Dunn","18","Australia","AUS","2:02.79",1992,"mens","individual-medley",200,"final"
"632","8","Gary Anderson","23","Canada","CAN","2:04.30",1992,"mens","individual-medley",200,"final"
"633","1","Attila Czene","22","Hungary","HUN","1:59.91",1996,"mens","individual-medley",200,"final"
"634","2","Jani Sievinen","22","Finland","FIN","2:00.13",1996,"mens","individual-medley",200,"final"
"635","3","Curtis Myden","22","Canada","CAN","2:01.13",1996,"mens","individual-medley",200,"final"
"636","4","Marcel Wouda","24","Netherlands","NED","2:01.45",1996,"mens","individual-medley",200,"final"
"637","5","Matt Dunn","22","Australia","AUS","2:01.57",1996,"mens","individual-medley",200,"final"
"638","6","Greg Burgess","24","United States","USA","2:02.56",1996,"mens","individual-medley",200,"final"
"639","7","Tom Dolan","20","United States","USA","2:03.89",1996,"mens","individual-medley",200,"final"
"640","8","Xavier Marchand","22","France","FRA","2:04.29",1996,"mens","individual-medley",200,"final"
"641","1","Massimiliano Rosolino","22","Italy","ITA","1:58.98",2000,"mens","individual-medley",200,"final"
"642","2","Tom Dolan","24","United States","USA","1:59.77",2000,"mens","individual-medley",200,"final"
"643","3","Tom Wilkens","24","United States","USA","2:00.87",2000,"mens","individual-medley",200,"final"
"644","4","Attila Czene","26","Hungary","HUN","2:01.16",2000,"mens","individual-medley",200,"final"
"645","5","Marcel Wouda","28","Netherlands","NED","2:01.48",2000,"mens","individual-medley",200,"final"
"646","6","Christian Keller","28","Germany","GER","2:02.02",2000,"mens","individual-medley",200,"final"
"647","7","Xavier Marchand","27","France","FRA","2:02.23",2000,"mens","individual-medley",200,"final"
"648","8","Jani Sievinen","26","Finland","FIN","2:02.49",2000,"mens","individual-medley",200,"final"
"649","1","Michael Phelps","19","United States","USA","1:57.14",2004,"mens","individual-medley",200,"final"
"650","2","Ryan Lochte","20","United States","USA","1:58.78",2004,"mens","individual-medley",200,"final"
"651","3","George Bovell","21","Trinidad and Tobago","TTO","1:58.80",2004,"mens","individual-medley",200,"final"
"652","4","László Cseh, Jr.","18","Hungary","HUN","1:58.84",2004,"mens","individual-medley",200,"final"
"653","5","Thiago Pereira","18","Brazil","BRA","2:00.11",2004,"mens","individual-medley",200,"final"
"654","6","Takahiro Mori","24","Japan","JPN","2:00.60",2004,"mens","individual-medley",200,"final"
"655","7","Vytautas Janušaitis","22","Lithuania","LTU","2:01.28",2004,"mens","individual-medley",200,"final"
"656","8","Jiro Miki","21","Japan","JPN","2:02.16",2004,"mens","individual-medley",200,"final"
"657","1","Michael Phelps","23","United States","USA","1:54.23",2008,"mens","individual-medley",200,"final"
"658","2","László Cseh, Jr.","22","Hungary","HUN","1:56.52",2008,"mens","individual-medley",200,"final"
"659","3","Ryan Lochte","24","United States","USA","1:56.53",2008,"mens","individual-medley",200,"final"
"660","4","Thiago Pereira","22","Brazil","BRA","1:58.14",2008,"mens","individual-medley",200,"final"
"661","5","Ken Takakuwa","23","Japan","JPN","1:58.22",2008,"mens","individual-medley",200,"final"
"662","6","James Goddard","25","Great Britain","GBR","1:59.24",2008,"mens","individual-medley",200,"final"
"663","7","Keith Beavers","25","Canada","CAN","1:59.43",2008,"mens","individual-medley",200,"final"
"664","8","Liam Tancock","23","Great Britain","GBR","2:00.76",2008,"mens","individual-medley",200,"final"
"665","1","Michael Phelps","27","United States","USA","1:54.27",2012,"mens","individual-medley",200,"final"
"666","2","Ryan Lochte","27","United States","USA","1:54.90",2012,"mens","individual-medley",200,"final"
"667","3","László Cseh, Jr.","26","Hungary","HUN","1:56.22",2012,"mens","individual-medley",200,"final"
"668","4","Thiago Pereira","26","Brazil","BRA","1:56.74",2012,"mens","individual-medley",200,"final"
"669","5","Kosuke Hagino","17","Japan","JPN","1:57.35",2012,"mens","individual-medley",200,"final"
"670","6","Ken Takakuwa","27","Japan","JPN","1:58.53",2012,"mens","individual-medley",200,"final"
"671","7","James Goddard","29","Great Britain","GBR","1:59.05",2012,"mens","individual-medley",200,"final"
"672","8","Markus Deibler","22","Germany","GER","1:59.10",2012,"mens","individual-medley",200,"final"
"673","1","Tamás Darnyi","21","Hungary","HUN","4:14.75",1988,"mens","individual-medley",400,"final"
"674","2","Dave Wharton","19","United States","USA","4:17.36",1988,"mens","individual-medley",400,"final"
"675","3","Stefano Battistelli","18","Italy","ITA","4:18.01",1988,"mens","individual-medley",400,"final"
"676","4","József Szabó","19","Hungary","HUN","4:18.15",1988,"mens","individual-medley",400,"final"
"677","5","Patrick Kühl","20","East Germany","GDR","4:18.44",1988,"mens","individual-medley",400,"final"
"678","6","Jens-Peter Berndt","25","West Germany","FRG","4:21.71",1988,"mens","individual-medley",400,"final"
"679","7","Luca Sacchi","20","Italy","ITA","4:23.23",1988,"mens","individual-medley",400,"final"
"680","8","Peter Bermel","21","West Germany","FRG","4:24.02",1988,"mens","individual-medley",400,"final"
"681","1","Tamás Darnyi","25","Hungary","HUN","4:14.23",1992,"mens","individual-medley",400,"final"
"682","2","Eric Namesnik","21","United States","USA","4:15.57",1992,"mens","individual-medley",400,"final"
"683","3","Luca Sacchi","24","Italy","ITA","4:16.34",1992,"mens","individual-medley",400,"final"
"684","4","Dave Wharton","23","United States","USA","4:17.26",1992,"mens","individual-medley",400,"final"
"685","5","Christian Geßner","24","Germany","GER","4:17.88",1992,"mens","individual-medley",400,"final"
"686","6","Patrick Kühl","24","Germany","GER","4:19.66",1992,"mens","individual-medley",400,"final"
"687","7","Serghei Mariniuc","23","Unified Team","EUN","4:22.93",1992,"mens","individual-medley",400,"final"
"688","8","Takahiro Fujimoto","22","Japan","JPN","4:23.86",1992,"mens","individual-medley",400,"final"
"689","1","Tom Dolan","20","United States","USA","4:14.90",1996,"mens","individual-medley",400,"final"
"690","2","Eric Namesnik","25","United States","USA","4:15.25",1996,"mens","individual-medley",400,"final"
"691","3","Curtis Myden","22","Canada","CAN","4:16.28",1996,"mens","individual-medley",400,"final"
"692","4","Matt Dunn","22","Australia","AUS","4:16.66",1996,"mens","individual-medley",400,"final"
"693","5","Marcel Wouda","24","Netherlands","NED","4:17.71",1996,"mens","individual-medley",400,"final"
"694","6","Luca Sacchi","28","Italy","ITA","4:18.31",1996,"mens","individual-medley",400,"final"
"695","7","Marcin Maliński","23","Poland","POL","4:20.50",1996,"mens","individual-medley",400,"final"
"696","8","Serghei Mariniuc","27","Moldova","MDA","4:21.15",1996,"mens","individual-medley",400,"final"
"697","1","Tom Dolan","24","United States","USA","4:11.76",2000,"mens","individual-medley",400,"final"
"698","2","Erik Vendt","19","United States","USA","4:14.23",2000,"mens","individual-medley",400,"final"
"699","3","Curtis Myden","26","Canada","CAN","4:15.33",2000,"mens","individual-medley",400,"final"
"700","4","Alessio Boggiatto","19","Italy","ITA","4:15.93",2000,"mens","individual-medley",400,"final"
"701","5","Terence Parkin","20","South Africa","RSA","4:16.92",2000,"mens","individual-medley",400,"final"
"702","6","Justin Norris","20","Australia","AUS","4:17.87",2000,"mens","individual-medley",400,"final"
"703","7","Cezar Bădiţă","21","Romania","ROU","4:20.91",2000,"mens","individual-medley",400,"final"
"704","8","Shinya Taniguchi","19","Japan","JPN","4:20.93",2000,"mens","individual-medley",400,"final"
"705","1","Michael Phelps","19","United States","USA","4:08.26",2004,"mens","individual-medley",400,"final"
"706","2","Erik Vendt","23","United States","USA","4:11.81",2004,"mens","individual-medley",400,"final"
"707","3","László Cseh, Jr.","18","Hungary","HUN","4:12.15",2004,"mens","individual-medley",400,"final"
"708","4","Alessio Boggiatto","23","Italy","ITA","4:12.28",2004,"mens","individual-medley",400,"final"
"709","5","Oussama Mellouli","20","Tunisia","TUN","4:14.49",2004,"mens","individual-medley",400,"final"
"710","6","Ioannis Kokkodis","23","Greece","GRE","4:18.60",2004,"mens","individual-medley",400,"final"
"711","7","Jiro Miki","21","Japan","JPN","4:19.97",2004,"mens","individual-medley",400,"final"
"712","8","Travis Nederpelt","19","Australia","AUS","4:20.08",2004,"mens","individual-medley",400,"final"
"713","1","Michael Phelps","23","United States","USA","4:03.84",2008,"mens","individual-medley",400,"final"
"714","2","László Cseh, Jr.","22","Hungary","HUN","4:06.16",2008,"mens","individual-medley",400,"final"
"715","3","Ryan Lochte","24","United States","USA","4:08.09",2008,"mens","individual-medley",400,"final"
"716","4","Alessio Boggiatto","27","Italy","ITA","4:12.16",2008,"mens","individual-medley",400,"final"
"717","5","Luca Marin","22","Italy","ITA","4:12.47",2008,"mens","individual-medley",400,"final"
"718","6","Gergő Kis","20","Hungary","HUN","4:12.84",2008,"mens","individual-medley",400,"final"
"719","7","Brian Johns","26","Canada","CAN","4:13.38",2008,"mens","individual-medley",400,"final"
"720","8","Thiago Pereira","22","Brazil","BRA","4:15.40",2008,"mens","individual-medley",400,"final"
"721","1","Ryan Lochte","27","United States","USA","4:05.18",2012,"mens","individual-medley",400,"final"
"722","2","Thiago Pereira","26","Brazil","BRA","4:08.86",2012,"mens","individual-medley",400,"final"
"723","3","Kosuke Hagino","17","Japan","JPN","4:08.94",2012,"mens","individual-medley",400,"final"
"724","4","Michael Phelps","27","United States","USA","4:09.28",2012,"mens","individual-medley",400,"final"
"725","5","Chad le Clos","20","South Africa","RSA","4:12.42",2012,"mens","individual-medley",400,"final"
"726","6","Yuya Horihata","21","Japan","JPN","4:13.30",2012,"mens","individual-medley",400,"final"
"727","7","Thomas Fraser-Holmes","20","Australia","AUS","4:13.49",2012,"mens","individual-medley",400,"final"
"728","8","Luca Marin","26","Italy","ITA","4:14.89",2012,"mens","individual-medley",400,"final"
